title,topic
38 رياضيا يمثلون المغرب في منافسات الألعاب البارالمبية “باريس 2024,sport
أحرقها صديقها..وفاة العداءة الأولمبية الأوغندية “ريبيكا تشيبتيغي,sport
أسود الأطلس يفتتحون تصفيات “الكان” بانتصار ساحق على الغابون ,sport
أمن “أولاد تايمة”يطلق رصاصة تحذيرية لتوقيف شخص هاجم الشرطة والمواطنين بأداة حادة,divers
إدارية العاصمة تعزل رئيس بلدية القنيطرة واثنين من نوابه ,economie
إدارية العاصمة تعزل رئيس بلدية القنيطرة واثنين من نوابه  ,sport
اجتماع لبحث آفاق التعاون بين “الإيسيسكو” وصندوق التراث العالمي الإفريقي بالرباط ,politique
اجتماعات عمل رفيعة المستوى حول مشروع أنبوب الغاز بين نيجيريا والمغرب ,economie
ارتفاع أسعار النفط 3 بالمئة جراء مخاوف التصعيد بالشرق الأوسط ,economie
ارتفاع أسعار النفط وسط انخفاض حاد في مخزونات الخام الأمريكية ,economie
استقرار الدولار بفعل بيانات التضخم الأميركية ,economie
الأمم المتحدة تحذر من استمرار استخدام الاحتلال “الأساليب المميتة” في الضفة ,politique
التوفيق: خصوصية تدبير الشأن الديني في المغرب لا تتنافى مع مساءلة وزير الأوقاف أمام البرلمان ,politique
الجيش يواجه المريخ السوداني في الدور التمهيدي الثاني لدوري أبطال أفريقيا ,sport
الدار البيضاء..توقيف 3 أشخاص من أجل إلحاق خسائر مادية بسيارات مستوقفة بالشارع العام ,divers
الريش..توقيف “شاب متطرف” كان يعتزم تنفيذ مخططات إرهابية ,politique
العفو على المعتقلين من أجل زراعة القنب الهندي بمناسبة ذكرى ثورة الملك والشعب ,politique
الغلوسي يحذر من انقلاب لوبي الإثراء غير المشروع وتبييض الأموال على الدستور ,politique